{"stats":{"minecraft:picked_up":{"minecraft:brown_mushroom":4,"minecraft:red_mushroom":6,"minecraft:bedrock":1,"minecraft:lantern":3,"minecraft:kelp":1,"minecraft:redstone_torch":5,"minecraft:oak_door":1,"minecraft:torch":2},"minecraft:used":{"minecraft:oak_fence":24,"minecraft:oak_trapdoor":1,"minecraft:emerald_ore":2,"minecraft:water_bucket":1,"minecraft:writable_book":2,"minecraft:iron_ore":9,"minecraft:prismarine_brick_slab":1,"minecraft:flint_and_steel":5,"minecraft:redstone_ore":9,"minecraft:powered_rail":4,"minecraft:oak_planks":35,"minecraft:oak_sign":1,"minecraft:mycelium":15,"minecraft:cactus":3,"minecraft:chest":7,"minecraft:sandstone":19,"minecraft:stone":340,"minecraft:brown_mushroom":5,"minecraft:red_mushroom_block":3,"minecraft:redstone_block":167,"minecraft:beacon":1,"minecraft:bell":6,"minecraft:gold_ore":8,"minecraft:structure_block":64,"minecraft:conduit":1,"minecraft:netherrack":113,"minecraft:oak_door":1,"minecraft:torch":14,"minecraft:mooshroom_spawn_egg":7,"minecraft:anvil":2,"minecraft:diamond_block":4,"minecraft:dirt":162,"minecraft:soul_sand":18,"minecraft:sand":54,"minecraft:rail":16,"minecraft:vine":4,"minecraft:light_blue_wool":4,"minecraft:red_mushroom":10,"minecraft:nether_bricks":113,"minecraft:cyan_wool":40,"minecraft:cake":1,"minecraft:obsidian":91,"minecraft:fern":6,"minecraft:redstone_torch":23,"minecraft:oak_log":13,"minecraft:glass":12,"minecraft:dark_prismarine":31,"minecraft:lava_bucket":1,"minecraft:coal_ore":6,"minecraft:command_block":1039,"minecraft:lantern":5,"minecraft:grass_block":86,"minecraft:spawner":1,"minecraft:spruce_sapling":1,"minecraft:barrel":7,"minecraft:blaze_spawn_egg":1,"minecraft:bedrock":105,"minecraft:glowstone":376,"minecraft:diamond_sword":6,"minecraft:cobblestone":14,"minecraft:magma_block":39,"minecraft:potion":1,"minecraft:sweet_berries":5,"minecraft:oak_sapling":2,"minecraft:minecart":1,"minecraft:ice":1,"minecraft:glass_pane":3,"minecraft:wither_rose":5,"minecraft:end_portal_frame":9,"minecraft:kelp":1,"minecraft:splash_potion":93,"minecraft:pumpkin":3,"minecraft:bone_meal":31,"minecraft:large_fern":8},"minecraft:dropped":{"minecraft:sugar_cane":63,"minecraft:bedrock":1,"minecraft:pumpkin_seeds":63,"minecraft:stone":1,"minecraft:ice":1,"minecraft:beetroot_seeds":63,"minecraft:melon_slice":63,"minecraft:blaze_spawn_egg":1,"minecraft:writable_book":1},"minecraft:mined":{"minecraft:kelp":1,"minecraft:ice":1},"minecraft:custom":{"minecraft:mob_kills":9,"minecraft:traded_with_villager":152,"minecraft:open_barrel":100,"minecraft:play_one_minute":454770,"minecraft:leave_game":21,"minecraft:time_since_death":33375,"minecraft:time_since_rest":33401,"minecraft:sprint_one_cm":33526,"minecraft:damage_taken":1120,"minecraft:walk_one_cm":59574,"minecraft:drop":9,"minecraft:damage_dealt":850,"minecraft:talked_to_villager":51,"minecraft:fly_one_cm":8497202,"minecraft:open_chest":83,"minecraft:crouch_one_cm":9797,"minecraft:deaths":7,"minecraft:sneak_time":21601,"minecraft:walk_under_water_one_cm":15177,"minecraft:jump":424,"minecraft:walk_on_water_one_cm":215},"minecraft:crafted":{"minecraft:glass_bottle":48,"minecraft:emerald":61,"minecraft:sheep_spawn_egg":12,"minecraft:air":0,"minecraft:pig_spawn_egg":36,"minecraft:potion":5,"minecraft:writable_book":6,"minecraft:cow_spawn_egg":12,"minecraft:chicken_spawn_egg":12},"minecraft:killed":{"minecraft:villager":2}},"DataVersion":1952}