{"stats":{"minecraft:picked_up":{"minecraft:sandstone":1},"minecraft:dropped":{"minecraft:sandstone":1},"minecraft:custom":{"minecraft:jump":72,"minecraft:time_since_rest":54653,"minecraft:crouch_one_cm":818,"minecraft:play_one_minute":54653,"minecraft:leave_game":9,"minecraft:time_since_death":54653,"minecraft:walk_one_cm":21256,"minecraft:sneak_time":2808,"minecraft:drop":1,"minecraft:fly_one_cm":90034},"minecraft:used":{"minecraft:slime_block":512,"minecraft:piston":97,"minecraft:sticky_piston":20,"minecraft:sandstone":39,"minecraft:redstone_block":54,"minecraft:observer":139,"minecraft:obsidian":43}},"DataVersion":1976}